<?xml version="1.0" encoding="UTF-8"?>
<preferences>
 <debug showDebugMenu="0" />
 <systemtable filter="All Interfaces">
  <columns>
   <connections preferredWidth="143" />
   <irq preferredWidth="34" />
  </columns>
 </systemtable>
 <library
   expandedCategories="Project,Library/University Program/Clock,Project/ESDI_IP,Library/Basic Functions,Library/Basic Functions/Simulation; Debug and Verification,Library/University Program,Library/Processors and Peripherals,Library,Library/Basic Functions/Simulation; Debug and Verification/Debug and Performance,Library/Processors and Peripherals/Hard Processor Systems" />
 <window width="1938" height="1038" x="-9" y="-9" />
</preferences>
