{
	"partitions" : [
		{
			"name" : "Top",
			"pins" : [
				{
					"name" : "IRQ",
					"strict" : false
				},
				{
					"name" : "OUT_WAVE",
					"strict" : false
				},
				{
					"name" : "RESET_N",
					"strict" : false
				},
				{
					"name" : "WRITE",
					"strict" : false
				},
				{
					"name" : "CLK",
					"strict" : false
				},
				{
					"name" : "WRITEDATA[7]",
					"strict" : false
				},
				{
					"name" : "ADDRESS",
					"strict" : false
				},
				{
					"name" : "WRITEDATA[6]",
					"strict" : false
				},
				{
					"name" : "WRITEDATA[5]",
					"strict" : false
				},
				{
					"name" : "WRITEDATA[4]",
					"strict" : false
				},
				{
					"name" : "WRITEDATA[1]",
					"strict" : false
				},
				{
					"name" : "WRITEDATA[0]",
					"strict" : false
				},
				{
					"name" : "WRITEDATA[3]",
					"strict" : false
				},
				{
					"name" : "WRITEDATA[2]",
					"strict" : false
				},
				{
					"name" : "WRITEDATA[14]",
					"strict" : false
				},
				{
					"name" : "WRITEDATA[13]",
					"strict" : false
				},
				{
					"name" : "WRITEDATA[12]",
					"strict" : false
				},
				{
					"name" : "WRITEDATA[11]",
					"strict" : false
				},
				{
					"name" : "WRITEDATA[10]",
					"strict" : false
				},
				{
					"name" : "WRITEDATA[8]",
					"strict" : false
				},
				{
					"name" : "WRITEDATA[9]",
					"strict" : false
				},
				{
					"name" : "WRITEDATA[21]",
					"strict" : false
				},
				{
					"name" : "WRITEDATA[20]",
					"strict" : false
				},
				{
					"name" : "WRITEDATA[19]",
					"strict" : false
				},
				{
					"name" : "WRITEDATA[18]",
					"strict" : false
				},
				{
					"name" : "WRITEDATA[16]",
					"strict" : false
				},
				{
					"name" : "WRITEDATA[17]",
					"strict" : false
				},
				{
					"name" : "WRITEDATA[15]",
					"strict" : false
				},
				{
					"name" : "WRITEDATA[28]",
					"strict" : false
				},
				{
					"name" : "WRITEDATA[27]",
					"strict" : false
				},
				{
					"name" : "WRITEDATA[26]",
					"strict" : false
				},
				{
					"name" : "WRITEDATA[25]",
					"strict" : false
				},
				{
					"name" : "WRITEDATA[23]",
					"strict" : false
				},
				{
					"name" : "WRITEDATA[24]",
					"strict" : false
				},
				{
					"name" : "WRITEDATA[22]",
					"strict" : false
				},
				{
					"name" : "WRITEDATA[31]",
					"strict" : false
				},
				{
					"name" : "WRITEDATA[30]",
					"strict" : false
				},
				{
					"name" : "WRITEDATA[29]",
					"strict" : false
				}
			]
		}
	]
}